Ankara	Moscow	641	271372	135
Atlanta	PanamaCity	1724	1520655	0
Saskatoon	Yellowknife	831	1099498	102
Gaborone	Luanda	1437	248701	0
Chicago	SaltLakeCity	833	1856242	0
Rome	Warsaw	1158	471695	0
Denver	SaltLakeCity	328	1233320	0
Kazan	Moscow	732	222959	0
Havana	Hermosillo	2340	2343027	0
Havana	Ottawa	1288	1243309	0
SanDiego	Seattle	1110	1319702	0
Houston	Winnipeg	1537	1038398	0
Houston	PanamaCity	1469	1339351	0
KansasCity	Montreal	901	1363699	0
Montreal	NewYork	250	1320682	0
Chicago	Saskatoon	1248	1630432	0
Edmonton	Winnipeg	924	1062808	0
Edmonton	Hermosillo	921	1847396	0
Chicago	NewYork	720	1301932	0
Brasilia	SantaCruz	650	1017107	0
RiodeJaneiro	SantaCruz	821	522460	0
KansasCity	Miami	1569	1478024	0
Havana	NewYork	885	950644	0
SaltLakeCity	Yellowknife	1850	1094463	0
Bamako	Conakry	357	327962	0
Abuja	NDjamena	472	170395	0
BuenosAires	PuertoMontt	764	770488	0
Houston	SantoDomingo	1620	1166177	0
KansasCity	Seattle	1654	992375	438
Atlanta	Montreal	691	1374252	0
Manaus	Recife	1638	794876	0
Calgary	Houston	1890	1188770	0
Adelaide	MountIsa	1820	585078	0
Havana	KansasCity	1135	2173807	0
NewYork	Ottawa	297	1409226	0
Frankfurt	Rome	562	492585	0
KansasCity	Saskatoon	1274	1212460	0
Cuiaba	RiodeJaneiro	706	1062864	0
SanFrancisco	Winnipeg	1361	1021139	176
Minneapolis	Monterrey	969	1033060	166
Monterrey	PanamaCity	1798	963741	0
PuertoMontt	Santiago	503	697339	362
MexicoCity	SaltLakeCity	1485	1279985	0
Berlin	Milan	494	507544	0
Caracas	Lima	983	879965	0
Caracas	Paramaribo	628	1185772	0
Calgary	Winnipeg	1247	1562804	105
Bergamo	Berlin	615	494879	0
Kabul	KuwaitCity	967	183815	0
SaltLakeCity	Saskatoon	736	934064	456
Harbin	Osaka	892	155421	0
Nuuk	StJohns	1136	1556602	0
Denver	Montreal	1651	842701	0
KansasCity	OklahomaCity	268	1485449	0
Calgary	OklahomaCity	953	758305	0
AdDammam	KuwaitCity	131	262197	0
Lisbon	Madrid	660	669508	0
Jakarta	PortMoresby	856	311817	152
Frankfurt	Warsaw	1257	389358	312
PortDouglas	Sydney	2740	1254255	0
Hermosillo	Saskatoon	2120	1285764	0
Mackay	MountIsa	1550	1559001	0
OklahomaCity	SanDiego	1057	905479	689
KuwaitCity	Tehran	324	248450	0
Athens	Rome	1275	507386	0
Adelaide	PortDouglas	3189	1514716	0
Cairo	Khartoum	396	31927063	0
Dhaka	Kathmandu	228	250266	0
Amsterdam	Dublin	792	364562	258
Dhaka	Mumbai	747	287798	0
Guadalajara	Minneapolis	1597	1387224	0
Saskatoon	Seattle	1003	1218264	0
Bogota	Paramaribo	785	738540	0
Berlin	Rome	974	539432	0
Atlanta	Chicago	455	1305961	468
Paramaribo	SantaCruz	1630	863649	145
Ottawa	Winnipeg	1796	1299044	0
Paramaribo	PortoVelho	1249	591274	0
NDjamena	Tripoli	566	28439565	0
Chifeng	Harbin	575	291556	264
Chicago	Guadalajara	1052	906170	0
Edmonton	Saskatoon	331	1153418	0
Brasilia	Rosario	1017	483747	0
Denver	NewYork	1582	872134	0
Baghdad	Damascus	284	219853	144
Kazan	Yekaterinburg	700	191090	0
Lima	Santarem	1346	752782	0
RiodeJaneiro	Rosario	599	1196047	0
NewYork	OklahomaCity	1969	1400491	0
Atlanta	SantoDomingo	928	1410685	0
Athens	Warsaw	1241	499124	0
Antananarivo	Harare	933	283241	0
Bogota	Santarem	806	455618	0
SantaCruz	Santiago	1309	703489	0
Khartoum	NDjamena	1209	288195	0
Caracas	PanamaCity	1832	2289891	96
Bamako	Libreville	1265	258108	0
Lisbon	Paris	995	422285	205
Beijing	Seoul	438	272337	0
Caracas	PortoVelho	841	611565	76
Bergamo	Stockholm	1776	3861567	0
Kabul	Muscat	836	203894	0
GuatemalaCity	NewYork	1771	1632121	300
Berlin	Helsinki	1393	605629	0
KansasCity	NewYork	1340	1228918	0
KansasCity	SanDiego	2026	990504	0
Edmonton	OklahomaCity	1243	742470	0
Baghdad	Muscat	1051	217873	0
Hermosillo	Seattle	1728	1400411	0
KuwaitCity	Tbilisi	556	220783	0
Milan	Tunis	866	415799	84
Juba	Lusaka	1046	201057	0
Bogota	Cuiaba	1159	788428	0
PeritoMoreno	PuertoMontt	301	957512	0
Guadalajara	Miami	1743	912648	0
Minneapolis	Montreal	1119	970527	0
MexicoCity	Toronto	1425	1168077	0
Dublin	London	552	400967	0
KansasCity	SaltLakeCity	1021	1020859	0
Brisbane	MountIsa	2534	1146177	0
PuertoMontt	Rosario	802	554197	0
Dhaka	NewDelhi	781	196318	0
Bamako	Timbuktu	580	238787	0
Chicago	Toronto	536	1088474	0
Bergamo	Paris	795	530768	0
Vancouver	Yellowknife	780	1654441	0
GuatemalaCity	Minneapolis	1841	1113183	0
Kampala	Khartoum	1058	279635	168
Kolkata	Mumbai	1235	204958	0
Baghdad	Moscow	932	210580	0
Denver	Houston	892	1163440	77
KansasCity	Ottawa	1078	855232	0
PortoVelho	Recife	1451	712227	0
Caracas	Cuiaba	1474	988945	249
PeritoMoreno	SantaCruz	1920	802941	0
KuwaitCity	Muscat	697	340416	428
Harbin	Mirnyy	1313	258433	0
LabradorCity	Miami	2190	1642601	0
Harare	Lusaka	278	285599	78
Guadalajara	SanFrancisco	1185	1915972	85
Calgary	SaltLakeCity	883	1496406	0
Amsterdam	Berlin	1003	648570	0
Irkutsk	Saskylakh	832	188980	0
Mirnyy	Saskylakh	513	173102	187
Miami	Ottawa	1109	1348010	0
Melbourne	Sydney	1160	1807171	194
Amsterdam	Rome	833	361117	0
Havana	MexicoCity	1031	1474043	0
Kabul	NewDelhi	373	211126	0
Houston	Monterrey	404	1028756	0
Denver	KansasCity	460	1150921	0
Montreal	Winnipeg	553	2374077	79
Chicago	Houston	993	709725	0
Chifeng	Irkutsk	936	263246	0
Miami	Winnipeg	1584	1474476	0
Cuiaba	PortoVelho	248	733920	0
Calgary	SanDiego	937	1296296	0
MexicoCity	PanamaCity	1250	843647	0
Muscat	Tbilisi	1149	286394	159
BuenosAires	Santiago	643	677612	258
Houston	MexicoCity	623	1158002	0
SaltLakeCity	Seattle	715	1246130	482
Chifeng	Ulaanbaatar	490	193870	243
Miami	OklahomaCity	938	1185904	0
Conakry	Timbuktu	706	312734	0
Khartoum	Sanaa	3836	621816	141
OklahomaCity	Seattle	1855	1331171	0
Ashgabat	Baghdad	552	161126	0
Chengdu	Ulaanbaatar	862	267653	0
Makassar	Singapore	318	254593	0
Bangkok	Kolkata	500	248523	0
Ottawa	Saskatoon	2602	1900697	0
Abuja	Conakry	1188	259141	0
Krasnoyarsk	Ulaanbaatar	641	330414	0
Winnipeg	Yellowknife	722	983236	0
Adelaide	Perth	2759	1259882	202
Madrid	Milan	2082	574869	0
Ankara	Tbilisi	657	199716	90
Houston	SanFrancisco	1426	1632399	0
Chicago	KansasCity	333	1557597	0
Caracas	Santarem	1048	1018340	0
Hermosillo	Winnipeg	1544	1492574	0
Rome	Tripoli	1045	385574	0
Atlanta	Minneapolis	886	1089163	0
Libreville	NDjamena	725	168094	0
Brasilia	Manaus	960	988989	0
Dakar	Timbuktu	764	286507	0
Rosario	SantaCruz	671	727345	0
NovyyUrengoy	Yekaterinburg	1183	203467	0
MountIsa	Sydney	1702	1198405	182
Chicago	PanamaCity	1484	1152668	0
Luanda	Lusaka	1473	305708	0
Atlanta	Denver	1068	1304845	0
Minneapolis	Saskatoon	1348	1749293	0
Brasilia	Paramaribo	759	885126	0
LasVegas	Winnipeg	1249	1288438	0
Kampala	Lusaka	839	156698	0
LasVegas	MexicoCity	1189	1125753	0
Chengdu	Dhaka	631	195728	0
Bratsk	Chifeng	836	328327	0
Kazan	Tehran	854	283001	0
Makassar	PortMoresby	695	181335	0
Recife	Santarem	822	420391	0
Dhaka	Mandalay	248	317402	135
AdDammam	Ashgabat	588	314387	0
Beijing	Harbin	464	222328	0
Havana	Toronto	1375	1830604	0
Calgary	LasVegas	500	1501932	534
Milan	Paris	1010	543892	0
Bratsk	Ulaanbaatar	340	349984	0
Guadalajara	Winnipeg	2064	1441903	0
KuwaitCity	Riyadh	173	244377	0
Kathmandu	Mandalay	694	207077	0
Dhaka	Kabul	1452	339854	0
Frankfurt	London	756	502736	0
Montreal	StJohns	1342	1939290	0
BuenosAires	PeritoMoreno	660	525113	0
Abuja	Timbuktu	1096	343291	234
Montreal	SantoDomingo	1741	1312106	0
Seattle	Winnipeg	1774	1325463	0
Bratsk	Krasnoyarsk	428	273244	0
Amsterdam	Tunis	1258	558763	0
Melbourne	PortDouglas	2103	1465954	0
SantoDomingo	Toronto	2090	1451448	0
SanFrancisco	Vancouver	777	1285057	0
Calgary	Vancouver	453	1107910	531
Havana	Houston	940	1154510	0
Beijing	Chifeng	146	259874	0
Chifeng	Osaka	755	367310	118
Bergamo	Tripoli	1127	415362	0
PuertoMontt	SantaCruz	1689	710025	0
Muscat	NewDelhi	916	273730	0
Adelaide	Melbourne	539	936786	0
Manaus	SantaCruz	641	881219	279
Minneapolis	SanFrancisco	2121	1233868	0
Fairbanks	Vancouver	1558	1210535	105
Guadalajara	Hermosillo	635	1511637	0
Atlanta	GuatemalaCity	1209	1202356	85
Osaka	Shanghai	556	281859	0
LabradorCity	Montreal	978	1590555	0
Juba	NDjamena	1066	281726	133
Atlanta	Miami	471	1127342	0
SaltLakeCity	Winnipeg	1094	1305311	0
Edmonton	SanDiego	1067	906831	0
SanDiego	Winnipeg	1357	1263389	0
Atlanta	Hermosillo	1770	780863	0
Chicago	Winnipeg	737	1141347	0
Darwin	Mackay	1934	1180270	0
Ankara	Damascus	692	243106	0
Hermosillo	Houston	814	1147910	0
Monterrey	SantoDomingo	2111	1314425	0
Luanda	Yaounde	834	351375	0
Saskatoon	Winnipeg	588	1518052	0
Juba	Khartoum	821	149064	0
Ankara	Baghdad	982	202747	0
Adelaide	Darwin	3119	1152164	0
Anchorage	Seattle	1352	1332909	0
AdDammam	Muscat	443	239411	100
Libreville	Luanda	835	303142	0
Chengdu	Mandalay	359	225838	125
Denver	Yellowknife	1191	1564402	501
OklahomaCity	SaltLakeCity	769	1514989	0
Guadalajara	OklahomaCity	1344	1176984	0
Miami	NewYork	1075	1606327	0
Chicago	Ottawa	620	1625460	87
Bratsk	Dudinka	767	246763	0
KansasCity	Toronto	1102	1121137	0
Cuiaba	SantaCruz	214	651446	102
Atlanta	Ottawa	549	1137551	0
Darwin	PortDouglas	1324	1109484	0
GuatemalaCity	PanamaCity	543	1082397	0
Beijing	Ulaanbaatar	706	218523	0
Gaborone	Windhoek	535	252356	0
Mandalay	Mumbai	1035	205084	0
Ankara	Warsaw	1530	4105854	0
Irkutsk	Ulaanbaatar	301	229300	0
Milan	Rome	289	376093	0
Bogota	Manaus	816	1054912	0
London	Oslo	1373	428898	0
Bangkok	Kathmandu	712	398169	304
NDjamena	Timbuktu	1276	157156	107
Monterrey	Seattle	1992	1078732	0
Damascus	Riyadh	641	367312	120
Ankara	Athens	756	4600756	88
Berlin	Frankfurt	369	589569	234
Harbin	Ulaanbaatar	869	390280	0
MountIsa	PortDouglas	1037	747799	0
Edmonton	Houston	1518	1428341	345
NewYork	Winnipeg	1386	1355507	0
Omsukchan	Pevek	430	255636	0
Atlanta	SanDiego	1934	1433266	0
Baghdad	Tehran	328	226943	0
Edmonton	Vancouver	730	1019153	0
OklahomaCity	Winnipeg	692	1957800	0
Caracas	Manaus	717	807731	0
Bangkok	Dhaka	653	239601	0
GuatemalaCity	Houston	910	1251711	0
Miami	SantoDomingo	444	630911	0
Manaus	Santarem	313	1259023	194
Broome	MountIsa	2345	1944318	0
Calgary	Chicago	1571	1109146	0
Cuiaba	Santiago	1204	683762	251
Denver	Edmonton	944	927868	0
Bergamo	Frankfurt	413	430845	0
Calgary	SanFrancisco	976	1236321	0
Krasnoyarsk	Mirnyy	1033	196000	302
Milan	Oslo	1666	537521	155
PeritoMoreno	Santiago	633	844998	123
Calgary	KansasCity	1378	1776807	0
GuatemalaCity	SanDiego	1782	1223513	0
Muscat	Tehran	407	300750	0
Monterrey	SanFrancisco	1893	1584672	0
Kazan	Salekhard	838	205897	0
Bratsk	Saskylakh	1248	256882	0
Athens	Bergamo	1531	5578773	0
Calgary	Guadalajara	2471	1358626	0
Madrid	Paris	963	288659	318
LasVegas	SanFrancisco	338	1092886	0
Athens	Tripoli	1180	387188	0
Amsterdam	Paris	424	548477	0
Amsterdam	Stockholm	1340	648249	0
GuatemalaCity	Toronto	1545	1310938	0
Dublin	Madrid	889	463191	0
BuenosAires	Cuiaba	743	529982	76
Darwin	MountIsa	1023	1403607	104
MexicoCity	SanFrancisco	1157	1466352	0
Montreal	Toronto	555	1224939	0
Chicago	LasVegas	1541	1302931	0
Kampala	Yaounde	1624	240046	0
Kathmandu	Kolkata	284	251710	0
Harare	Luanda	1156	257706	0
Guadalajara	GuatemalaCity	1063	1057002	0
Conakry	Dakar	296	234829	0
Broome	Jakarta	567	5395533	172
Ankara	Tehran	741	172139	0
Milan	Tripoli	994	542264	0
Atlanta	Winnipeg	1383	1236217	0
Houston	Montreal	1471	946331	0
SaltLakeCity	SanDiego	620	1450027	0
Hermosillo	LasVegas	523	847902	0
Ottawa	StJohns	1683	1024186	0
Monterrey	Ottawa	1831	1465683	372
Minneapolis	Yellowknife	1418	984161	0
AdDammam	Baghdad	438	372850	0
Hermosillo	MexicoCity	791	1097446	0
Beijing	Osaka	1307	258555	508
Harbin	Yakutsk	999	274875	0
Guadalajara	Seattle	1323	1871241	0
Montreal	Nuuk	1969	1687417	0
Chifeng	Tokyo	1529	290482	0
GuatemalaCity	LasVegas	1870	1441184	0
Baghdad	Riyadh	377	229100	0
Abuja	Bamako	1772	265312	0
Caracas	SantaCruz	1390	460829	0
Edmonton	SaltLakeCity	713	1165235	516
Berlin	Oslo	612	403491	0
AddisAbaba	Juba	741	363427	0
SanFrancisco	Yellowknife	1020	1194140	0
Mackay	Melbourne	1719	1435264	151
Kolkata	Mandalay	320	221184	0
Frankfurt	Milan	625	774365	0
Kathmandu	NewDelhi	334	272011	345
Mandalay	NewDelhi	1070	248791	0
Irkutsk	Mirnyy	443	369001	92
Atlanta	NewYork	596	950898	0
Chicago	LabradorCity	2130	1196455	0
BuenosAires	Rosario	95	1050053	327
Dudinka	Krasnoyarsk	918	155339	0
Melbourne	MountIsa	1385	1084238	0
Amsterdam	Frankfurt	346	497798	0
Havana	Montreal	1373	1555181	0
Frankfurt	Stockholm	1177	319262	0
Amsterdam	Warsaw	1618	6137675	0
Denver	Monterrey	815	1337563	0
Brasilia	Santiago	1389	837403	0
Broome	Perth	1123	1655655	0
Shanghai	Ulaanbaatar	1306	166926	0
PortoVelho	SantaCruz	358	563190	0
PortMoresby	Singapore	787	152814	0
Bergamo	Warsaw	1742	704512	190
Mumbai	NewDelhi	636	198669	0
AdDammam	Damascus	497	235387	203
LasVegas	SaltLakeCity	348	933275	0
GuatemalaCity	SantoDomingo	1684	1053171	0
Helsinki	Oslo	1311	465649	0
Ashgabat	Riyadh	525	235906	0
Shanghai	Tokyo	621	396505	0
GuatemalaCity	Havana	468	1246487	126
Bogota	SantaCruz	1663	1063305	0
Manaus	RiodeJaneiro	1143	688361	60
Chicago	Monterrey	795	986259	0
Riyadh	Tbilisi	871	228815	429
Casablanca	Dakar	398	35360462	191
Lima	Rosario	1178	742285	0
Edmonton	KansasCity	1427	1626658	0
Tbilisi	Tehran	384	434818	0
KansasCity	LasVegas	1032	1129862	0
Atlanta	Saskatoon	2205	1807057	0
Brasilia	RiodeJaneiro	325	604575	131
Harbin	Seoul	367	261974	0
Hermosillo	SanFrancisco	708	2256217	0
Toronto	Winnipeg	1136	851358	0
OklahomaCity	Vancouver	1231	1520157	0
LabradorCity	NewYork	805	1002996	0
Calgary	Denver	992	2014098	0
Chicago	MexicoCity	1446	1054982	0
Athens	Damascus	1102	4322786	0
Denver	SanFrancisco	1670	632951	94
KuwaitCity	Sanaa	530	359529	0
LasVegas	Vancouver	1063	809202	0
Harbin	Shanghai	655	174508	0
Dublin	Reykjavik	2500	617189	0
Lusaka	Windhoek	1036	196663	0
Riyadh	Tehran	761	196060	0
PeritoMoreno	Rosario	785	475579	0
Guadalajara	MexicoCity	280	1897798	0
Bratsk	Irkutsk	232	187394	130
Dublin	Paris	749	628046	0
Seoul	Ulaanbaatar	790	246993	0
Mumbai	Muscat	624	186192	0
Amsterdam	Milan	1029	535355	0
Brisbane	PortDouglas	1765	1387975	0
Brasilia	Lima	1194	795308	0
Chicago	SantoDomingo	1472	1332760	0
Guadalajara	Saskatoon	1912	1017812	0
Ankara	KuwaitCity	835	315007	0
CapeTown	Windhoek	647	244989	0
Havana	PanamaCity	702	1014868	72
Denver	Minneapolis	780	984636	0
SantaCruz	Santarem	726	1164516	0
Chicago	Minneapolis	336	1211014	0
Denver	Ottawa	1896	1327636	96
MexicoCity	Miami	1358	1437253	0
Dublin	Oslo	2047	3464195	0
Houston	Minneapolis	590	1159290	0
GuatemalaCity	KansasCity	2720	1363913	0
Atlanta	LabradorCity	2100	1285389	0
OklahomaCity	Toronto	812	1081475	0
Guadalajara	LasVegas	657	1181415	0
Damascus	Moscow	1291	243159	0
Monterrey	OklahomaCity	676	1529335	119
Chicago	Montreal	873	1049690	0
PortoVelho	Rosario	837	834989	0
Oslo	Warsaw	1555	477653	150
KansasCity	Winnipeg	667	1492057	0
Helsinki	Moscow	2505	4341815	0
Bogota	PanamaCity	637	2694111	94
Ottawa	Toronto	239	969165	91
Saskatoon	Vancouver	671	1014036	0
Minneapolis	Ottawa	995	1722172	0
Harare	Kampala	1508	411201	0
Recife	SantaCruz	1711	1097773	104
Houston	Miami	621	1484694	0
Kampala	Luanda	1346	268093	0
Miami	Toronto	936	1616532	332
Beijing	Mirnyy	1090	260175	0
KansasCity	LabradorCity	1811	1158763	0
Dudinka	Salekhard	766	146044	0
StJohns	Toronto	2105	1174396	0
MexicoCity	SantoDomingo	2390	892944	0
Atlanta	OklahomaCity	978	1122355	0
PortoVelho	RiodeJaneiro	1335	724902	187
MexicoCity	Monterrey	464	1024289	0
Bogota	Caracas	294	520301	251
Monterrey	Winnipeg	1315	945211	0
Jakarta	Singapore	238	212169	123
Oslo	Rome	3015	3136749	102
Helsinki	Stockholm	507	603922	0
Milan	Warsaw	1314	562848	100
Bratsk	Tomsk	837	207366	0
Frankfurt	Madrid	1282	431324	108
Paris	Rome	1369	530438	0
Chifeng	Seoul	496	248129	0
Calgary	Yellowknife	768	1193410	855
Guadalajara	Havana	1616	1164866	103
Ashgabat	Kabul	491	214745	0
Chengdu	Seoul	1403	380887	0
Broome	Darwin	1021	1429284	0
LasVegas	Monterrey	879	988666	0
Luanda	Windhoek	934	206467	0
Bangkok	Mandalay	235	287258	109
Houston	OklahomaCity	385	980841	608
Timbuktu	Yaounde	1343	228755	0
Brasilia	Cuiaba	436	979188	0
Lima	PuertoMontt	1500	865906	0
Beijing	Shanghai	516	192209	133
GuatemalaCity	SaltLakeCity	1381	1098172	0
LabradorCity	Minneapolis	1724	1134702	0
Paramaribo	Santarem	226	819959	79
Ashgabat	Mumbai	981	275836	395
Irkutsk	Tomsk	818	190296	0
Bergamo	Rome	280	723873	0
Guadalajara	SanDiego	849	1516642	0
Abuja	Libreville	531	280111	0
Cuiaba	Lima	804	996185	0
Guadalajara	KansasCity	752	1238498	0
Salekhard	Tomsk	802	246762	0
LasVegas	Yellowknife	1809	1139405	0
Denver	GuatemalaCity	1967	1598180	0
LabradorCity	Winnipeg	1481	1248816	0
Osaka	Seoul	225	370421	0
Milan	Stockholm	1837	4390419	0
Minneapolis	SaltLakeCity	926	861669	0
Caracas	SantoDomingo	873	2432147	0
Muscat	Sanaa	934	301341	0
Nuuk	Ottawa	2051	1708956	0
Kampala	NDjamena	1089	344716	0
Manaus	Paramaribo	412	473561	329
BuenosAires	SantaCruz	731	738019	0
Ankara	Kazan	1105	244815	171
Bogota	Lima	582	519299	0
Baghdad	KuwaitCity	355	269630	0
Havana	Monterrey	1438	1315679	0
Beijing	Tokyo	672	412891	0
Omsukchan	UgolnyyeKopi	1530	235777	0
Brasilia	BuenosAires	987	899669	0
Manaus	PortoVelho	188	929701	0
SanDiego	Vancouver	1226	911975	0
MexicoCity	Minneapolis	1395	1432793	622
Atlanta	Havana	548	1492422	0
Calgary	Hermosillo	1497	1136986	125
Chicago	Havana	1010	1736949	0
LabradorCity	Ottawa	817	1236568	0
Damascus	Sanaa	848	155681	0
Cuiaba	Rosario	1113	739910	0
Mackay	Sydney	1686	2188607	0
Havana	SantoDomingo	914	1051014	0
GuatemalaCity	MexicoCity	575	1424673	0
Chengdu	Kolkata	607	133026	0
Bangkok	Chengdu	1494	204631	0
Fairbanks	Yellowknife	2035	1213287	0
Dublin	Milan	1817	3897471	0
LabradorCity	Nuuk	791	1893890	0
Athens	Berlin	2021	2998254	0
Denver	OklahomaCity	642	842333	0
Edmonton	Monterrey	1366	1026541	0
Guadalajara	SaltLakeCity	1155	1051004	558
Brasilia	PortoVelho	885	657082	0
Minneapolis	SanDiego	1016	846219	0
MexicoCity	OklahomaCity	954	1169126	450
Berlin	Stockholm	829	594233	69
Havana	Miami	172	1771212	0
Denver	Winnipeg	761	747063	0
Krasnoyarsk	Tomsk	320	190058	0
NewYork	Toronto	268	1635160	0
Chifeng	Shanghai	675	326956	0
Calgary	Minneapolis	1544	1337972	262
RiodeJaneiro	Santarem	1275	976753	0
CapeTown	Gaborone	1017	264340	0
Beijing	Chengdu	607	294376	0
NDjamena	Yaounde	409	227768	0
Ottawa	SantoDomingo	1447	1283645	0
Moscow	Tbilisi	493	331823	0
Minneapolis	Seattle	2627	1587148	0
SanFrancisco	Saskatoon	1375	999001	0
Lima	Paramaribo	1215	674772	332
Houston	Seattle	1742	884919	0
Salekhard	Yekaterinburg	468	272956	440
Chicago	Denver	1050	1379686	0
Athens	Cairo	577	525439	0
Bergamo	Tunis	779	394032	0
Minneapolis	OklahomaCity	721	1815327	0
SaltLakeCity	SanFrancisco	576	707946	0
Saskatoon	Toronto	1525	1378227	0
RiodeJaneiro	Santiago	1580	946591	0
Dhaka	Kolkata	116	261183	0
KansasCity	Vancouver	2435	1403537	0
Mumbai	Perth	382	14684681	0
CapeTown	KingEdwardPoint	1409	6087465	122
NovyyUrengoy	Salekhard	789	228281	0
Denver	Miami	1691	1432876	709
SanDiego	Yellowknife	1342	1763208	0
KansasCity	SantoDomingo	1995	1544483	0
SanFrancisco	Seattle	284	1013097	0
Houston	KansasCity	457	1614565	0
BuenosAires	Lima	1405	1107062	154
NewYork	Nuuk	1855	1400516	0
Damascus	Tbilisi	654	436569	0
Lima	Manaus	651	692244	243
Lima	Santiago	786	925405	92
Denver	Seattle	876	2170307	0
Houston	SanDiego	1394	2507556	587
Amsterdam	Bergamo	572	640967	132
NewYork	StJohns	902	751481	0
Seattle	Vancouver	64	1060803	678
Kabul	Kathmandu	988	282584	0
Miami	Montreal	1274	1061847	0
Jakarta	Makassar	275	300737	0
London	Milan	1286	470597	0
Chicago	Miami	659	1163214	0
Houston	Saskatoon	1448	1159739	0
Oslo	Paris	1616	495791	0
Baghdad	Kazan	872	269003	0
Chifeng	Mirnyy	1094	326220	0
NovyyUrengoy	Tomsk	742	257933	0
Havana	Minneapolis	1238	1072003	0
Houston	SaltLakeCity	816	1493638	0
Vancouver	Winnipeg	1718	1872718	0
Hermosillo	OklahomaCity	1120	1211882	613
SanDiego	SanFrancisco	533	1081199	0
BuenosAires	PortoVelho	1214	743948	0
Baghdad	Tbilisi	389	230628	0
Oslo	Stockholm	725	450781	0
NewYork	PanamaCity	2732	1278573	0
Adelaide	Brisbane	1354	1267389	0
LabradorCity	Toronto	1280	761335	0
Bangkok	Singapore	682	6020934	110
Guadalajara	Toronto	2223	1058271	613
SaltLakeCity	Toronto	3212	2192861	0
AdDammam	Ankara	1288	275997	0
Edmonton	LasVegas	963	1376143	0
Berlin	Paris	775	558783	0
Adelaide	Broome	2286	971694	115
GuatemalaCity	Hermosillo	1378	1252347	0
Anchorage	Vancouver	1877	1197261	0
KansasCity	Monterrey	1170	1861860	0
Calgary	Monterrey	1461	1428375	0
MexicoCity	SanDiego	1647	1018877	0
Kazan	Tbilisi	819	248098	0
Atlanta	SaltLakeCity	1336	1457368	0
Kabul	Yekaterinburg	679	241839	276
Hermosillo	Vancouver	1534	1789647	526
Lisbon	London	1602	340352	77
OklahomaCity	PanamaCity	2012	1517216	0
Antananarivo	Gaborone	1334	211101	0
PortoVelho	Santiago	1250	787131	0
Atlanta	MexicoCity	976	1687648	0
Antananarivo	Lusaka	1967	172058	0
AdDammam	Mumbai	723	191028	0
Chicago	Yellowknife	2539	1032782	0
Harare	Juba	1922	155525	0
Cuiaba	Paramaribo	1052	616454	0
Kabul	Mumbai	766	306028	0
Susuman	Yakutsk	699	16135807	0
Chengdu	Shanghai	1373	268694	0
Dublin	Frankfurt	1861	595887	0
Bergamo	London	1122	576650	0
Monterrey	Saskatoon	2051	1362133	0
Cuiaba	Manaus	898	446887	0
OklahomaCity	Saskatoon	1264	1970376	0
Helsinki	Warsaw	519	918222	0
MexicoCity	NewYork	1655	1132019	0
Monterrey	SanDiego	1279	882851	0
Bratsk	Mirnyy	611	283075	0
Bamako	Yaounde	1683	183243	0
Havana	Winnipeg	1355	1335680	49
Houston	Toronto	907	1156474	0
Calgary	Edmonton	169	1349298	0
AdDammam	Riyadh	201	292286	345
Kabul	Kolkata	804	225478	0
Mackay	PortDouglas	545	1133559	0
Abuja	Luanda	1288	269586	0
Madrid	Tunis	1250	294102	0
Havana	OklahomaCity	1659	1582865	536
LasVegas	OklahomaCity	1405	1263635	0
AddisAbaba	Kampala	837	251876	0
Dudinka	Tomsk	444	260147	147
Brasilia	Santarem	771	545312	212
Bogota	PortoVelho	699	840203	0
Ashgabat	Tbilisi	883	246397	0
Tripoli	Tunis	433	780542	229
Atlanta	LasVegas	1453	1431190	0
Ashgabat	Tehran	374	290005	0
Atlanta	Guadalajara	1550	1129138	0
Houston	NewYork	1703	1067051	0
OklahomaCity	Yellowknife	1285	1098310	0
Rome	Tunis	475	486099	0
Chengdu	Kathmandu	922	266123	64
Brisbane	Sydney	561	1221775	0
Denver	LasVegas	532	1755602	0
Brisbane	Melbourne	1246	1042758	0
Minneapolis	Toronto	855	1004759	0
Juba	Kampala	237	307926	0
Miami	PanamaCity	830	1002991	537
Denver	Hermosillo	772	1024102	0
Amsterdam	Madrid	1466	606744	0
GuatemalaCity	Miami	1338	1026739	97
Manaus	Rosario	1442	873714	0
Calgary	Saskatoon	345	934788	0
Atlanta	KansasCity	811	1095558	0
LasVegas	SanDiego	184	1273695	0
Frankfurt	Tunis	1571	304710	0
Ankara	Riyadh	809	189573	0
Hermosillo	Monterrey	1045	596617	622
Recife	RiodeJaneiro	1059	676151	0
Montreal	OklahomaCity	1281	789440	0
PortoVelho	Santarem	504	771173	0
Pevek	UgolnyyeKopi	634	206119	0
Ashgabat	Muscat	624	198269	0
Denver	Saskatoon	663	1420100	393
Libreville	Yaounde	260	182325	0
Harbin	Irkutsk	962	280581	0
PuntaArenas	Santiago	776	850159	0
Miami	Monterrey	1282	1273742	0
Dublin	Lisbon	1210	627723	0
Ashgabat	Yekaterinburg	583	291028	0
KansasCity	Minneapolis	259	1064347	388
Anchorage	Fairbanks	214	1006834	0
Frankfurt	Paris	637	638077	0
Hermosillo	Miami	1623	1134068	0
GuatemalaCity	OklahomaCity	1737	1657410	175
AddisAbaba	Khartoum	584	207433	0
GuatemalaCity	Monterrey	748	1698798	89
Dudinka	NovyyUrengoy	431	223592	0
Monterrey	NewYork	2036	1906103	0
Tbilisi	Yekaterinburg	1108	143320	406
AdDammam	Sanaa	493	168482	0
Minneapolis	Winnipeg	362	1218319	0
Miami	Minneapolis	1281	1188489	0
LasVegas	Minneapolis	1130	1599838	0
Fairbanks	Seattle	2474	1083187	0
Denver	SanDiego	1244	1266349	0
CapeTown	Lusaka	1378	178635	0
Abuja	Yaounde	376	329984	140
Atlanta	Toronto	533	1174567	0
Libreville	Timbuktu	1178	229567	0
Harare	Windhoek	1079	191153	0
Mirnyy	Ulaanbaatar	736	380900	0
Chifeng	Yakutsk	1220	178691	520
Atlanta	Monterrey	1376	1217224	0
LabradorCity	StJohns	993	1130294	0
Berlin	Warsaw	505	501827	0
KansasCity	SanFrancisco	1687	1249004	0
Seattle	Yellowknife	667	709887	0
KansasCity	MexicoCity	1639	2255427	0
Beijing	Irkutsk	946	242866	0
Ashgabat	KuwaitCity	711	294083	223
Chicago	GuatemalaCity	1222	1266086	0
Bamako	Dakar	770	293951	0
Monterrey	Toronto	1420	1518863	0
Ashgabat	Kazan	649	192222	0
Chicago	Edmonton	1647	1091469	0
Bogota	SantoDomingo	1575	2842487	75
Amsterdam	Oslo	481	719780	136
Lima	SantaCruz	722	681316	0
Guadalajara	PanamaCity	2004	2011940	0
Seoul	Shanghai	372	294809	128
Athens	Milan	2662	7459221	0
Krasnoyarsk	NovyyUrengoy	1067	257239	0
SaltLakeCity	Vancouver	1457	1351035	0
KansasCity	Yellowknife	2775	1141450	0
AdDammam	Kabul	1135	211927	68
AdDammam	Tbilisi	847	127721	0
Guadalajara	Houston	797	1701510	0
Saskylakh	Yakutsk	730	415274	95
Damascus	KuwaitCity	808	266826	0
Edmonton	Minneapolis	1258	1876633	0
Hermosillo	SanDiego	541	1409606	0
Sanaa	Tehran	1015	220049	0
AdDammam	Tehran	310	325284	0
Lima	PortoVelho	633	907630	0
Minneapolis	Vancouver	1852	1359091	0
LasVegas	Saskatoon	1081	1365962	0
Chengdu	Irkutsk	1055	213719	0
Cuiaba	Santarem	735	789510	0
BuenosAires	RiodeJaneiro	993	870588	0
Osaka	Tokyo	196	390063	0
Monterrey	Vancouver	2955	955828	0
MexicoCity	Winnipeg	1428	816821	0
London	Madrid	796	414816	130
Bergamo	Dublin	1706	5645450	0
PuertoMontt	PuntaArenas	583	799635	0
Omsukchan	Susuman	295	25475526	0
Edmonton	Seattle	1051	1588185	0
Chicago	Hermosillo	2127	1354726	0
Denver	Havana	1486	1143459	0
LasVegas	Seattle	661	1270199	0
Ashgabat	Damascus	779	417021	92
PanamaCity	SantoDomingo	1096	1064089	0
Houston	Ottawa	1715	622765	765
Denver	MexicoCity	1107	1012903	0
BuenosAires	PuntaArenas	814	1045138	0
Minneapolis	NewYork	1761	1489738	0
Denver	Toronto	2110	1369762	0
London	Paris	280	557685	247
Guadalajara	Monterrey	353	1126327	0
Casablanca	Madrid	561	506821	0
Bergamo	Milan	94	590736	0
Athens	Tunis	1619	527051	0
Adelaide	Mackay	2019	1273567	0
Damascus	Tehran	1013	226530	0
Kolkata	NewDelhi	873	309499	0
Brasilia	Recife	811	693181	0
Rosario	Santiago	485	1068522	0
Chicago	OklahomaCity	816	1862917	0
Luanda	NDjamena	1851	202030	0
Mirnyy	Yakutsk	531	237118	0
Berlin	London	1405	397172	0
Irkutsk	Krasnoyarsk	639	172863	0
Seoul	Tokyo	295	408723	0
PeritoMoreno	PuntaArenas	340	795935	0
Atlanta	Houston	535	1468807	0
Bergamo	Oslo	1048	643725	117
OklahomaCity	SantoDomingo	2390	952507	402
OklahomaCity	SanFrancisco	2129	2077917	81
Muscat	Riyadh	522	187528	0
Cuiaba	Recife	1042	640715	0
OklahomaCity	Ottawa	1958	1175809	0
Adelaide	Sydney	1335	1413050	0
NewYork	SantoDomingo	1166	1118718	0
Gaborone	Harare	407	240657	0
SanDiego	Saskatoon	1368	1981250	0
Kathmandu	Mumbai	441	285917	0
Riyadh	Sanaa	385	231500	189
Paris	Tunis	1097	613974	0
Guadalajara	SantoDomingo	1637	717983	0
Madrid	Rome	1521	4689806	0
Denver	Guadalajara	1316	989332	564
PuntaArenas	Rosario	905	752282	0
Nuuk	Reykjavik	579	4310295	0
Casablanca	Lisbon	498	283540	0
Paramaribo	Recife	669	795128	0
Monterrey	SaltLakeCity	939	1667948	0
London	Rome	1708	427483	0
Denver	Vancouver	1175	2421958	0
Harbin	Tokyo	780	176905	0
Baghdad	Sanaa	691	196833	0
Frankfurt	Oslo	934	439352	99
Hermosillo	KansasCity	1722	842629	0
Calgary	Seattle	555	851766	0
Hermosillo	Minneapolis	939	1433279	0
Edmonton	SanFrancisco	701	956205	0
Juba	Yaounde	2218	253252	275
BuenosAires	KingEdwardPoint	1583	1183200	0
Hermosillo	SaltLakeCity	430	1381325	93
Edmonton	Yellowknife	458	894529	0
Chicago	SanDiego	3300	1090804	0
Houston	LasVegas	1086	1858354	0
CapeTown	Harare	1241	249087	0
Amsterdam	London	572	566040	121
Montreal	Ottawa	127	820512	0
Beijing	Bratsk	671	253410	0
Brisbane	Mackay	939	1164914	89
Ashgabat	NewDelhi	1446	285261	0
Gaborone	Lusaka	762	281796	76
Moscow	Warsaw	1559	4725445	0
Stockholm	Warsaw	783	469876	105
Moscow	Yekaterinburg	880	234799	0
Kabul	Tehran	637	258291	0
Chengdu	Chifeng	623	241034	0
Bergamo	Madrid	1310	499739	0
NewYork	Tomsk	0	0	99
NewYork	Tunis	0	0	73
NewYork	Santarem	0	0	117
Chicago	Oslo	0	0	96
Chicago	Shanghai	0	0	90
Chicago	Chifeng	0	0	108
Chicago	Mackay	0	0	94
Chicago	MountIsa	0	0	66
Chicago	Irkutsk	0	0	160
Chicago	Libreville	0	0	132
Chicago	SantaCruz	0	0	103
Chicago	KingEdwardPoint	0	0	85
SanFrancisco	Sydney	0	0	81
SanFrancisco	Singapore	0	0	79
Houston	StJohns	0	0	66
Houston	Lisbon	0	0	94
Houston	Rome	0	0	91
Houston	Kathmandu	0	0	74
Houston	Mackay	0	0	96
Houston	Irkutsk	0	0	106
Houston	Timbuktu	0	0	70
Houston	Juba	0	0	66
Houston	Manaus	0	0	79
Houston	Recife	0	0	98
Houston	Sanaa	0	0	60
Houston	Riyadh	0	0	92
Seattle	Toronto	0	0	448
Minneapolis	Warsaw	0	0	84
Minneapolis	Mumbai	0	0	95
Minneapolis	Shanghai	0	0	84
Minneapolis	Osaka	0	0	96
Minneapolis	Tokyo	0	0	92
Minneapolis	PuntaArenas	0	0	94
Minneapolis	Santarem	0	0	97
Minneapolis	Tehran	0	0	120
Denver	Mandalay	0	0	79
Denver	Shanghai	0	0	119
Denver	Melbourne	0	0	127
Denver	Krasnoyarsk	0	0	69
Denver	Salekhard	0	0	127
Denver	Irkutsk	0	0	80
Denver	Khartoum	0	0	140
Denver	NDjamena	0	0	90
Denver	Juba	0	0	84
Denver	Libreville	0	0	93
Denver	Gaborone	0	0	95
Denver	Paramaribo	0	0	101
Denver	PuertoMontt	0	0	133
Anchorage	Calgary	0	0	79
Anchorage	Winnipeg	0	0	97
Anchorage	Saskatoon	0	0	77
Anchorage	StJohns	0	0	80
Anchorage	PanamaCity	0	0	140
Anchorage	OklahomaCity	0	0	98
Anchorage	Milan	0	0	92
Anchorage	NewDelhi	0	0	101
Anchorage	Melbourne	0	0	182
Anchorage	BuenosAires	0	0	113
Anchorage	Santiago	0	0	86
Anchorage	Caracas	0	0	79
Anchorage	PuertoMontt	0	0	114
Anchorage	Cuiaba	0	0	110
Anchorage	Bogota	0	0	80
Anchorage	Recife	0	0	104
Fairbanks	LasVegas	0	0	98
Fairbanks	KansasCity	0	0	95
Fairbanks	Milan	0	0	57
Fairbanks	Kolkata	0	0	96
Fairbanks	Moscow	0	0	108
Fairbanks	Kazan	0	0	92
Fairbanks	Irkutsk	0	0	157
Fairbanks	Tunis	0	0	99
Fairbanks	NDjamena	0	0	123
Fairbanks	Lusaka	0	0	76
Fairbanks	Harare	0	0	156
Fairbanks	Rosario	0	0	104
Fairbanks	PuntaArenas	0	0	147
Edmonton	NewYork	0	0	502
Edmonton	London	0	0	86
Edmonton	Helsinki	0	0	101
Edmonton	Perth	0	0	114
Edmonton	Tomsk	0	0	89
Edmonton	NovyyUrengoy	0	0	89
Edmonton	Harare	0	0	102
Edmonton	Windhoek	0	0	71
Edmonton	Luanda	0	0	100
Edmonton	Santiago	0	0	152
Edmonton	Lima	0	0	115
Edmonton	Singapore	0	0	137
Calgary	NewYork	0	0	118
Calgary	LabradorCity	0	0	121
Calgary	GuatemalaCity	0	0	84
Calgary	Miami	0	0	99
Calgary	Mandalay	0	0	74
Calgary	Shanghai	0	0	90
Calgary	Tomsk	0	0	95
Calgary	Timbuktu	0	0	82
Calgary	Dakar	0	0	116
MexicoCity	Nuuk	0	0	76
MexicoCity	Paris	0	0	108
MexicoCity	MountIsa	0	0	93
MexicoCity	Moscow	0	0	95
MexicoCity	Yekaterinburg	0	0	74
MexicoCity	NovyyUrengoy	0	0	121
MexicoCity	NDjamena	0	0	88
MexicoCity	RiodeJaneiro	0	0	107
MexicoCity	Paramaribo	0	0	105
MexicoCity	PortoVelho	0	0	51
Winnipeg	Yakutsk	0	0	135
Saskatoon	Stockholm	0	0	101
Saskatoon	Yekaterinburg	0	0	108
Saskatoon	Singapore	0	0	85
StJohns	Yellowknife	0	0	133
StJohns	Warsaw	0	0	112
StJohns	Tehran	0	0	89
Nuuk	PanamaCity	0	0	60
Nuuk	OklahomaCity	0	0	161
Nuuk	Paris	0	0	84
Nuuk	Stockholm	0	0	79
Nuuk	Osaka	0	0	106
Nuuk	Tokyo	0	0	79
Nuuk	Windhoek	0	0	137
Nuuk	PuntaArenas	0	0	125
Nuuk	PuertoMontt	0	0	92
Nuuk	Sanaa	0	0	108
Nuuk	PortMoresby	0	0	106
Montreal	Oslo	0	0	146
Montreal	Sydney	0	0	112
Montreal	PortDouglas	0	0	99
Montreal	Tunis	0	0	104
Montreal	Paramaribo	0	0	83
Ottawa	Seattle	0	0	96
Ottawa	Vancouver	0	0	432
Ottawa	Reykjavik	0	0	79
Ottawa	Tehran	0	0	107
LabradorCity	Seoul	0	0	114
LabradorCity	Lusaka	0	0	127
LabradorCity	Santarem	0	0	91
LabradorCity	Tehran	0	0	102
PanamaCity	Vancouver	0	0	119
PanamaCity	Yellowknife	0	0	93
PanamaCity	Sydney	0	0	104
PanamaCity	Saskylakh	0	0	79
PanamaCity	Tripoli	0	0	90
PanamaCity	PuntaArenas	0	0	75
LasVegas	Seoul	0	0	112
LasVegas	PortDouglas	0	0	110
LasVegas	Mackay	0	0	92
LasVegas	Mirnyy	0	0	144
LasVegas	Timbuktu	0	0	113
LasVegas	Libreville	0	0	59
LasVegas	Sanaa	0	0	112
SaltLakeCity	Tomsk	0	0	114
SaltLakeCity	Tripoli	0	0	84
KansasCity	Nuuk	0	0	96
KansasCity	Osaka	0	0	92
KansasCity	Windhoek	0	0	107
KansasCity	PuntaArenas	0	0	133
KansasCity	Recife	0	0	96
KansasCity	Riyadh	0	0	94
OklahomaCity	Reykjavik	0	0	95
OklahomaCity	Warsaw	0	0	122
OklahomaCity	Ulaanbaatar	0	0	90
OklahomaCity	Paramaribo	0	0	122
OklahomaCity	Sanaa	0	0	141
SanDiego	Tunis	0	0	110
SanDiego	Santarem	0	0	120
Monterrey	Nuuk	0	0	105
Monterrey	Warsaw	0	0	76
Monterrey	Timbuktu	0	0	77
Monterrey	PuertoMontt	0	0	108
Monterrey	Tbilisi	0	0	72
Hermosillo	Toronto	0	0	72
Hermosillo	London	0	0	112
Hermosillo	Reykjavik	0	0	101
Hermosillo	Seoul	0	0	141
Hermosillo	Ulaanbaatar	0	0	133
Hermosillo	Kazan	0	0	135
Hermosillo	KuwaitCity	0	0	131
Hermosillo	Singapore	0	0	107
Guadalajara	Nuuk	0	0	101
Guadalajara	Ottawa	0	0	108
Guadalajara	Kolkata	0	0	114
Guadalajara	Kathmandu	0	0	127
Guadalajara	Paramaribo	0	0	94
Guadalajara	PuntaArenas	0	0	148
Guadalajara	PuertoMontt	0	0	119
Guadalajara	Riyadh	0	0	179
Guadalajara	Tbilisi	0	0	174
Guadalajara	Jakarta	0	0	83
GuatemalaCity	Winnipeg	0	0	119
GuatemalaCity	Warsaw	0	0	68
GuatemalaCity	Mandalay	0	0	62
GuatemalaCity	Ulaanbaatar	0	0	100
GuatemalaCity	MountIsa	0	0	85
GuatemalaCity	Tunis	0	0	83
GuatemalaCity	Kampala	0	0	93
GuatemalaCity	Rosario	0	0	105
GuatemalaCity	Santarem	0	0	96
GuatemalaCity	Tbilisi	0	0	84
Miami	Tripoli	0	0	99
Miami	Windhoek	0	0	76
Miami	Recife	0	0	137
Havana	Vancouver	0	0	79
Havana	NewDelhi	0	0	144
Havana	Tokyo	0	0	82
Havana	Mirnyy	0	0	65
Havana	NovyyUrengoy	0	0	77
Havana	Rosario	0	0	152
Havana	PuntaArenas	0	0	125
Havana	Riyadh	0	0	70
SantoDomingo	Saskatoon	0	0	95
SantoDomingo	Shanghai	0	0	93
SantoDomingo	Yaounde	0	0	117
SantoDomingo	Tehran	0	0	73
Atlanta	Calgary	0	0	107
Atlanta	Vancouver	0	0	95
Atlanta	Reykjavik	0	0	133
Atlanta	Bangkok	0	0	79
Atlanta	Kazan	0	0	148
Atlanta	Conakry	0	0	104
Atlanta	Gaborone	0	0	71
Atlanta	Paramaribo	0	0	109
Atlanta	Cuiaba	0	0	70
Toronto	Tunis	0	0	94
London	Saskatoon	0	0	123
London	Monterrey	0	0	113
London	Reykjavik	0	0	84
London	MountIsa	0	0	68
London	Yakutsk	0	0	105
London	Mirnyy	0	0	138
London	Timbuktu	0	0	135
London	Yaounde	0	0	133
Amsterdam	Anchorage	0	0	94
Amsterdam	Kathmandu	0	0	64
Amsterdam	Mandalay	0	0	84
Amsterdam	Harbin	0	0	103
Amsterdam	Chifeng	0	0	72
Amsterdam	Melbourne	0	0	107
Amsterdam	Kazan	0	0	112
Amsterdam	Yekaterinburg	0	0	144
Amsterdam	Kampala	0	0	95
Amsterdam	Harare	0	0	127
Amsterdam	Santiago	0	0	57
Amsterdam	Lima	0	0	145
Amsterdam	Paramaribo	0	0	78
Amsterdam	KingEdwardPoint	0	0	89
Amsterdam	Tbilisi	0	0	75
Amsterdam	Jakarta	0	0	85
Berlin	Fairbanks	0	0	68
Berlin	Winnipeg	0	0	108
Berlin	Saskatoon	0	0	158
Berlin	StJohns	0	0	111
Berlin	LabradorCity	0	0	94
Berlin	SaltLakeCity	0	0	94
Berlin	KansasCity	0	0	94
Berlin	Madrid	0	0	105
Berlin	Sydney	0	0	134
Berlin	Krasnoyarsk	0	0	105
Berlin	Conakry	0	0	178
Berlin	Lusaka	0	0	78
Berlin	Brasilia	0	0	135
Berlin	Sanaa	0	0	106
Paris	SaltLakeCity	0	0	130
Paris	Sydney	0	0	105
Paris	Timbuktu	0	0	133
Paris	RiodeJaneiro	0	0	163
Paris	PuntaArenas	0	0	99
Dublin	SanFrancisco	0	0	103
Dublin	Nuuk	0	0	98
Dublin	LabradorCity	0	0	102
Dublin	GuatemalaCity	0	0	87
Dublin	SantoDomingo	0	0	83
Dublin	Toronto	0	0	91
Dublin	Tokyo	0	0	67
Dublin	PortDouglas	0	0	93
Dublin	Moscow	0	0	68
Dublin	Rosario	0	0	73
Dublin	Recife	0	0	160
Dublin	Muscat	0	0	98
Reykjavik	Shanghai	0	0	90
Reykjavik	Sydney	0	0	108
Reykjavik	Tomsk	0	0	117
Reykjavik	Salekhard	0	0	108
Oslo	Yellowknife	0	0	116
Oslo	Toronto	0	0	103
Oslo	Seoul	0	0	114
Oslo	PuntaArenas	0	0	89
Stockholm	Vancouver	0	0	172
Stockholm	Ulaanbaatar	0	0	143
Helsinki	MexicoCity	0	0	125
Helsinki	LabradorCity	0	0	112
Helsinki	Yakutsk	0	0	85
Helsinki	Mirnyy	0	0	103
Helsinki	Tomsk	0	0	88
Helsinki	Salekhard	0	0	133
Helsinki	Khartoum	0	0	85
Helsinki	Santiago	0	0	145
Helsinki	Riyadh	0	0	95
Madrid	SanFrancisco	0	0	109
Madrid	Saskatoon	0	0	83
Madrid	Osaka	0	0	84
Madrid	Saskylakh	0	0	117
Madrid	PortoVelho	0	0	136
Lisbon	OklahomaCity	0	0	196
Lisbon	Perth	0	0	68
Lisbon	Melbourne	0	0	146
Lisbon	Tunis	0	0	129
Lisbon	NDjamena	0	0	123
Lisbon	PeritoMoreno	0	0	109
Lisbon	Tehran	0	0	65
Lisbon	Tbilisi	0	0	110
Lisbon	Singapore	0	0	80
Rome	Salekhard	0	0	118
Rome	Santiago	0	0	118
Athens	Vancouver	0	0	141
Athens	Guadalajara	0	0	127
Athens	Chengdu	0	0	96
Athens	Beijing	0	0	129
Athens	Ulaanbaatar	0	0	84
Athens	Yakutsk	0	0	70
Athens	Casablanca	0	0	95
Athens	Dakar	0	0	95
Athens	NDjamena	0	0	113
Athens	Juba	0	0	79
Athens	KuwaitCity	0	0	75
Warsaw	Windhoek	0	0	81
Frankfurt	NewYork	0	0	104
Frankfurt	SantoDomingo	0	0	122
Frankfurt	Ulaanbaatar	0	0	74
Frankfurt	MountIsa	0	0	81
Frankfurt	NDjamena	0	0	107
Frankfurt	Lusaka	0	0	86
Frankfurt	Santiago	0	0	91
Bergamo	LabradorCity	0	0	52
Bergamo	Kathmandu	0	0	148
Bergamo	Chengdu	0	0	107
Bergamo	Tokyo	0	0	91
Bergamo	PortDouglas	0	0	73
Bergamo	Tomsk	0	0	108
Bergamo	Yaounde	0	0	118
Bergamo	Harare	0	0	82
Bergamo	Brasilia	0	0	109
Bergamo	Caracas	0	0	75
Bergamo	Cuiaba	0	0	92
Bergamo	Singapore	0	0	100
Milan	Winnipeg	0	0	94
Milan	PanamaCity	0	0	85
Milan	Tomsk	0	0	124
Milan	Santarem	0	0	71
Mumbai	Stockholm	0	0	89
Mumbai	Ulaanbaatar	0	0	117
Kolkata	Saskatoon	0	0	75
Kolkata	Seoul	0	0	139
Kolkata	Mirnyy	0	0	141
Kolkata	NovyyUrengoy	0	0	90
Kolkata	Santiago	0	0	108
Kolkata	Manaus	0	0	55
NewDelhi	NewYork	0	0	75
NewDelhi	SantoDomingo	0	0	99
NewDelhi	Stockholm	0	0	111
NewDelhi	Sydney	0	0	124
NewDelhi	Tripoli	0	0	95
Kathmandu	StJohns	0	0	103
Kathmandu	LabradorCity	0	0	130
Kathmandu	PanamaCity	0	0	96
Kathmandu	LasVegas	0	0	145
Kathmandu	Paris	0	0	100
Kathmandu	Oslo	0	0	155
Kathmandu	Milan	0	0	98
Kathmandu	Shanghai	0	0	77
Kathmandu	Luanda	0	0	119
Dhaka	Havana	0	0	116
Dhaka	Paris	0	0	97
Dhaka	Dublin	0	0	89
Dhaka	Melbourne	0	0	106
Dhaka	Mackay	0	0	128
Dhaka	Moscow	0	0	178
Dhaka	Yekaterinburg	0	0	151
Dhaka	Kampala	0	0	86
Dhaka	Lima	0	0	76
Dhaka	KuwaitCity	0	0	153
Mandalay	Nuuk	0	0	113
Mandalay	SantoDomingo	0	0	57
Mandalay	Warsaw	0	0	115
Mandalay	Milan	0	0	126
Mandalay	PeritoMoreno	0	0	120
Mandalay	SantaCruz	0	0	92
Bangkok	NewYork	0	0	131
Bangkok	SanFrancisco	0	0	95
Bangkok	LabradorCity	0	0	67
Bangkok	LasVegas	0	0	129
Bangkok	Berlin	0	0	145
Bangkok	Madrid	0	0	135
Bangkok	Osaka	0	0	489
Bangkok	Melbourne	0	0	140
Bangkok	Yakutsk	0	0	196
Bangkok	Irkutsk	0	0	75
Bangkok	Timbuktu	0	0	69
Bangkok	Harare	0	0	67
Bangkok	RiodeJaneiro	0	0	82
Bangkok	Caracas	0	0	54
Bangkok	Santarem	0	0	76
Bangkok	Tehran	0	0	77
Bangkok	Makassar	0	0	132
Bangkok	PortMoresby	0	0	88
Chengdu	Seattle	0	0	70
Chengdu	Edmonton	0	0	50
Chengdu	KansasCity	0	0	101
Chengdu	Toronto	0	0	102
Chengdu	Paris	0	0	142
Chengdu	Lisbon	0	0	107
Chengdu	Rome	0	0	103
Chengdu	MountIsa	0	0	102
Chengdu	Tomsk	0	0	109
Chengdu	Saskylakh	0	0	127
Chengdu	Timbuktu	0	0	71
Chengdu	Tehran	0	0	41
Chengdu	PortMoresby	0	0	171
Shanghai	Yellowknife	0	0	97
Beijing	Seattle	0	0	141
Beijing	Winnipeg	0	0	125
Beijing	Saskatoon	0	0	117
Beijing	Vancouver	0	0	73
Beijing	LasVegas	0	0	86
Beijing	Toronto	0	0	123
Beijing	London	0	0	129
Beijing	Helsinki	0	0	94
Beijing	Brisbane	0	0	99
Beijing	Mackay	0	0	142
Beijing	Caracas	0	0	89
Beijing	PuertoMontt	0	0	71
Beijing	PeritoMoreno	0	0	106
Osaka	Ottawa	0	0	104
Osaka	SaltLakeCity	0	0	66
Osaka	Paris	0	0	137
Osaka	Reykjavik	0	0	106
Osaka	Yaounde	0	0	130
Harbin	LabradorCity	0	0	103
Harbin	PanamaCity	0	0	71
Harbin	Kolkata	0	0	59
Harbin	NewDelhi	0	0	114
Harbin	Kathmandu	0	0	456
Harbin	Yaounde	0	0	128
Harbin	Kampala	0	0	57
Harbin	Luanda	0	0	97
Harbin	Recife	0	0	94
Chifeng	Seattle	0	0	71
Chifeng	Montreal	0	0	76
Chifeng	Hermosillo	0	0	73
Chifeng	Stockholm	0	0	99
Chifeng	Darwin	0	0	89
Chifeng	Dakar	0	0	148
Chifeng	Khartoum	0	0	89
Chifeng	NDjamena	0	0	117
Chifeng	Yaounde	0	0	70
Chifeng	Libreville	0	0	146
Chifeng	Rosario	0	0	113
Chifeng	PuntaArenas	0	0	89
Chifeng	PuertoMontt	0	0	120
Chifeng	Manaus	0	0	158
Chifeng	Damascus	0	0	82
Ulaanbaatar	Vancouver	0	0	87
Perth	SantoDomingo	0	0	95
Perth	Santiago	0	0	98
Perth	Santarem	0	0	72
Perth	Singapore	0	0	110
Adelaide	Ottawa	0	0	140
Adelaide	LabradorCity	0	0	100
Adelaide	PanamaCity	0	0	110
Adelaide	LasVegas	0	0	156
Adelaide	OklahomaCity	0	0	128
Adelaide	SanDiego	0	0	148
Adelaide	Monterrey	0	0	93
Adelaide	GuatemalaCity	0	0	142
Adelaide	London	0	0	56
Adelaide	Stockholm	0	0	68
Adelaide	Athens	0	0	86
Adelaide	Warsaw	0	0	150
Adelaide	Bangkok	0	0	119
Adelaide	Yakutsk	0	0	102
Adelaide	Juba	0	0	105
Adelaide	Kampala	0	0	211
Adelaide	Brasilia	0	0	90
Adelaide	Santiago	0	0	97
Melbourne	NewYork	0	0	65
Melbourne	Ottawa	0	0	66
Melbourne	Oslo	0	0	117
Melbourne	Stockholm	0	0	90
Melbourne	Tehran	0	0	90
Brisbane	SanFrancisco	0	0	96
Brisbane	OklahomaCity	0	0	104
Brisbane	Dublin	0	0	73
Brisbane	Oslo	0	0	95
Brisbane	Casablanca	0	0	109
Brisbane	Dakar	0	0	129
Brisbane	Lusaka	0	0	91
Brisbane	PuntaArenas	0	0	120
Brisbane	PuertoMontt	0	0	80
Brisbane	PeritoMoreno	0	0	82
Broome	Vancouver	0	0	64
Broome	Guadalajara	0	0	75
Broome	Dublin	0	0	91
Broome	Seoul	0	0	127
Broome	PortDouglas	0	0	136
Broome	Kazan	0	0	92
Broome	Saskylakh	0	0	155
Broome	Conakry	0	0	110
Broome	NDjamena	0	0	90
Broome	Libreville	0	0	83
Broome	RiodeJaneiro	0	0	111
Broome	PortMoresby	0	0	176
Darwin	StJohns	0	0	78
Darwin	LabradorCity	0	0	106
Darwin	Monterrey	0	0	117
Darwin	Guadalajara	0	0	81
Darwin	Madrid	0	0	118
Darwin	Lisbon	0	0	93
Darwin	Kazan	0	0	81
Darwin	Tripoli	0	0	102
Darwin	Tunis	0	0	68
Darwin	Recife	0	0	108
Darwin	Muscat	0	0	53
Darwin	Kabul	0	0	82
Darwin	Makassar	0	0	100
PortDouglas	SanDiego	0	0	105
PortDouglas	PortoVelho	0	0	126
PortDouglas	Tehran	0	0	62
Mackay	NewYork	0	0	99
Mackay	StJohns	0	0	120
Mackay	Ottawa	0	0	184
Mackay	Rome	0	0	69
Mackay	NewDelhi	0	0	168
Mackay	Mandalay	0	0	80
Mackay	Yakutsk	0	0	138
Mackay	Tomsk	0	0	122
Mackay	NDjamena	0	0	68
MountIsa	OklahomaCity	0	0	87
MountIsa	SantoDomingo	0	0	104
MountIsa	Reykjavik	0	0	178
MountIsa	Tokyo	0	0	81
MountIsa	NovyyUrengoy	0	0	102
MountIsa	Salekhard	0	0	157
MountIsa	Tunis	0	0	111
MountIsa	NDjamena	0	0	68
Moscow	SanFrancisco	0	0	137
Moscow	Toronto	0	0	108
Moscow	Paris	0	0	119
Moscow	Oslo	0	0	82
Moscow	Muscat	0	0	100
Kazan	Montreal	0	0	123
Kazan	SaltLakeCity	0	0	65
Kazan	SanDiego	0	0	195
Kazan	Miami	0	0	121
Kazan	Toronto	0	0	116
Kazan	Reykjavik	0	0	76
Kazan	NewDelhi	0	0	92
Kazan	Mirnyy	0	0	87
Kazan	NovyyUrengoy	0	0	102
Kazan	Yaounde	0	0	157
Mirnyy	Yellowknife	0	0	79
Mirnyy	Tunis	0	0	100
Mirnyy	Windhoek	0	0	103
Mirnyy	Rosario	0	0	150
Mirnyy	PortoVelho	0	0	103
Mirnyy	Muscat	0	0	330
Mirnyy	Singapore	0	0	109
Krasnoyarsk	LabradorCity	0	0	126
Krasnoyarsk	Rome	0	0	136
Krasnoyarsk	Shanghai	0	0	69
Krasnoyarsk	RiodeJaneiro	0	0	132
Krasnoyarsk	Santiago	0	0	164
Bratsk	Guadalajara	0	0	76
Bratsk	Rome	0	0	97
Bratsk	Cairo	0	0	86
Bratsk	Tripoli	0	0	66
Bratsk	Lusaka	0	0	160
Bratsk	Gaborone	0	0	141
Bratsk	PuntaArenas	0	0	122
Bratsk	PortoVelho	0	0	67
NovyyUrengoy	Saskatoon	0	0	90
NovyyUrengoy	Ottawa	0	0	147
NovyyUrengoy	Vancouver	0	0	101
NovyyUrengoy	Stockholm	0	0	88
NovyyUrengoy	Rome	0	0	80
NovyyUrengoy	Santarem	0	0	64
Dudinka	LasVegas	0	0	138
Dudinka	Oslo	0	0	81
Dudinka	Perth	0	0	70
Dudinka	Yakutsk	0	0	132
Dudinka	Tripoli	0	0	112
Dudinka	Harare	0	0	54
Dudinka	Windhoek	0	0	85
Dudinka	Santiago	0	0	84
Dudinka	PeritoMoreno	0	0	74
Dudinka	PortoVelho	0	0	65
Saskylakh	Yellowknife	0	0	146
Saskylakh	Ulaanbaatar	0	0	117
Saskylakh	Yekaterinburg	0	0	465
Saskylakh	Tehran	0	0	80
Irkutsk	OklahomaCity	0	0	82
Irkutsk	Mumbai	0	0	106
Irkutsk	Kathmandu	0	0	70
Irkutsk	PortDouglas	0	0	53
Irkutsk	Khartoum	0	0	131
Irkutsk	Manaus	0	0	119
Irkutsk	KingEdwardPoint	0	0	78
Irkutsk	Jakarta	0	0	123
Cairo	Saskatoon	0	0	111
Cairo	Montreal	0	0	104
Cairo	PanamaCity	0	0	97
Cairo	Kolkata	0	0	139
Cairo	Kathmandu	0	0	123
Cairo	Chengdu	0	0	85
Cairo	Mackay	0	0	79
Cairo	Gaborone	0	0	89
Cairo	Caracas	0	0	115
Cairo	Recife	0	0	96
Cairo	Sanaa	0	0	116
Cairo	Riyadh	0	0	108
Cairo	Muscat	0	0	80
Cairo	Damascus	0	0	83
Cairo	Tbilisi	0	0	138
Cairo	Singapore	0	0	138
Casablanca	NewYork	0	0	108
Casablanca	MexicoCity	0	0	72
Casablanca	Montreal	0	0	89
Casablanca	SanDiego	0	0	121
Casablanca	Helsinki	0	0	89
Casablanca	Kolkata	0	0	70
Casablanca	Mandalay	0	0	79
Casablanca	Rosario	0	0	102
Casablanca	PuntaArenas	0	0	106
Casablanca	Damascus	0	0	183
Tunis	Vancouver	0	0	102
Tunis	Yaounde	0	0	165
CapeTown	Chicago	0	0	87
CapeTown	Montreal	0	0	96
CapeTown	Ottawa	0	0	111
CapeTown	GuatemalaCity	0	0	95
CapeTown	Stockholm	0	0	86
CapeTown	Chengdu	0	0	81
CapeTown	Ulaanbaatar	0	0	79
CapeTown	Darwin	0	0	145
CapeTown	PortDouglas	0	0	78
CapeTown	Yekaterinburg	0	0	55
CapeTown	NovyyUrengoy	0	0	113
CapeTown	Libreville	0	0	126
CapeTown	KuwaitCity	0	0	112
CapeTown	Kabul	0	0	89
Timbuktu	Yellowknife	0	0	114
Bamako	SanFrancisco	0	0	93
Bamako	Houston	0	0	114
Bamako	Miami	0	0	137
Bamako	Dublin	0	0	140
Bamako	Kolkata	0	0	86
Bamako	Kathmandu	0	0	125
Bamako	Chengdu	0	0	93
Bamako	Tokyo	0	0	105
Bamako	Yekaterinburg	0	0	164
Bamako	Cairo	0	0	93
Bamako	Luanda	0	0	112
Bamako	Paramaribo	0	0	99
Bamako	Muscat	0	0	106
Bamako	Tehran	0	0	120
Conakry	Seattle	0	0	110
Conakry	Havana	0	0	117
Conakry	SantoDomingo	0	0	140
Conakry	Milan	0	0	81
Conakry	Osaka	0	0	88
Conakry	MountIsa	0	0	90
Conakry	Saskylakh	0	0	94
Conakry	RiodeJaneiro	0	0	91
Conakry	PuertoMontt	0	0	74
Conakry	Manaus	0	0	78
Conakry	Tbilisi	0	0	74
Conakry	Kabul	0	0	133
Conakry	PortMoresby	0	0	118
Dakar	SanFrancisco	0	0	128
Dakar	Nuuk	0	0	81
Dakar	Yellowknife	0	0	72
Dakar	London	0	0	59
Dakar	Paris	0	0	118
Dakar	Oslo	0	0	106
Dakar	Lisbon	0	0	118
Dakar	Frankfurt	0	0	140
Dakar	Kolkata	0	0	83
Dakar	Osaka	0	0	92
Dakar	Perth	0	0	91
Dakar	Mackay	0	0	66
Dakar	Tomsk	0	0	113
Dakar	Tunis	0	0	97
Dakar	Khartoum	0	0	105
Dakar	Windhoek	0	0	96
Dakar	Sanaa	0	0	66
Dakar	Muscat	0	0	89
Dakar	Tehran	0	0	146
Dakar	Tbilisi	0	0	87
Abuja	Chicago	0	0	127
Abuja	LasVegas	0	0	98
Abuja	Guadalajara	0	0	87
Abuja	Frankfurt	0	0	67
Abuja	Chifeng	0	0	72
Abuja	MountIsa	0	0	50
Abuja	Salekhard	0	0	110
Abuja	Caracas	0	0	59
Abuja	Cuiaba	0	0	74
Abuja	PortoVelho	0	0	94
Abuja	Makassar	0	0	99
Abuja	PortMoresby	0	0	96
Khartoum	PanamaCity	0	0	65
Khartoum	SantoDomingo	0	0	115
Khartoum	Rome	0	0	70
Khartoum	Ulaanbaatar	0	0	67
Khartoum	Yakutsk	0	0	99
AddisAbaba	Nuuk	0	0	89
AddisAbaba	LabradorCity	0	0	77
AddisAbaba	Hermosillo	0	0	194
AddisAbaba	Havana	0	0	108
AddisAbaba	Paris	0	0	74
AddisAbaba	Oslo	0	0	137
AddisAbaba	Chengdu	0	0	121
AddisAbaba	Adelaide	0	0	75
AddisAbaba	Salekhard	0	0	155
AddisAbaba	Dakar	0	0	86
AddisAbaba	NDjamena	0	0	78
AddisAbaba	Paramaribo	0	0	112
AddisAbaba	SantaCruz	0	0	86
AddisAbaba	Recife	0	0	98
AddisAbaba	Ankara	0	0	104
AddisAbaba	Tbilisi	0	0	110
AddisAbaba	Ashgabat	0	0	100
AddisAbaba	PortMoresby	0	0	69
NDjamena	Ottawa	0	0	110
NDjamena	Shanghai	0	0	68
NDjamena	Paramaribo	0	0	92
Juba	Winnipeg	0	0	103
Juba	Toronto	0	0	90
Juba	Mumbai	0	0	78
Juba	Perth	0	0	102
Juba	Saskylakh	0	0	99
Juba	Tunis	0	0	84
Juba	PuertoMontt	0	0	60
Juba	PeritoMoreno	0	0	100
Juba	PortMoresby	0	0	158
Kampala	Vancouver	0	0	87
Kampala	Tunis	0	0	179
Kampala	Libreville	0	0	116
Kampala	RiodeJaneiro	0	0	105
Kampala	Sanaa	0	0	70
Libreville	SaltLakeCity	0	0	102
Libreville	Oslo	0	0	79
Libreville	Lisbon	0	0	125
Libreville	Seoul	0	0	71
Libreville	Recife	0	0	80
Libreville	Muscat	0	0	150
Libreville	Singapore	0	0	80
Lusaka	Winnipeg	0	0	69
Lusaka	PanamaCity	0	0	88
Lusaka	SanDiego	0	0	89
Lusaka	Miami	0	0	83
Lusaka	Sydney	0	0	115
Lusaka	Moscow	0	0	69
Lusaka	Tunis	0	0	90
Lusaka	Timbuktu	0	0	67
Lusaka	Yaounde	0	0	93
Harare	Winnipeg	0	0	111
Harare	StJohns	0	0	83
Harare	LabradorCity	0	0	110
Harare	PanamaCity	0	0	80
Harare	Milan	0	0	100
Harare	Sydney	0	0	92
Harare	Tomsk	0	0	136
Harare	Timbuktu	0	0	85
Harare	Recife	0	0	117
Harare	Makassar	0	0	102
Gaborone	Saskatoon	0	0	106
Gaborone	Vancouver	0	0	113
Gaborone	Monterrey	0	0	62
Gaborone	Mandalay	0	0	75
Gaborone	Kazan	0	0	197
Gaborone	NovyyUrengoy	0	0	87
Gaborone	Tripoli	0	0	136
Gaborone	NDjamena	0	0	96
Gaborone	Santiago	0	0	133
Windhoek	Yakutsk	0	0	85
Luanda	Winnipeg	0	0	68
Luanda	Ottawa	0	0	103
Luanda	Vancouver	0	0	66
Luanda	SaltLakeCity	0	0	49
Luanda	Warsaw	0	0	120
Luanda	Mumbai	0	0	72
Luanda	PeritoMoreno	0	0	112
Luanda	Tbilisi	0	0	85
Brasilia	Minneapolis	0	0	99
Brasilia	MexicoCity	0	0	97
Brasilia	Hermosillo	0	0	99
Brasilia	Reykjavik	0	0	75
Brasilia	Mandalay	0	0	59
Brasilia	Broome	0	0	95
Brasilia	Yekaterinburg	0	0	77
Brasilia	Cairo	0	0	99
Brasilia	Timbuktu	0	0	88
Brasilia	Windhoek	0	0	85
Brasilia	PuntaArenas	0	0	69
Brasilia	KingEdwardPoint	0	0	331
Brasilia	Damascus	0	0	71
BuenosAires	Winnipeg	0	0	123
BuenosAires	Oslo	0	0	68
BuenosAires	Stockholm	0	0	177
BuenosAires	Frankfurt	0	0	122
BuenosAires	Mandalay	0	0	159
BuenosAires	PortDouglas	0	0	87
BuenosAires	Tomsk	0	0	123
BuenosAires	Irkutsk	0	0	95
BuenosAires	Libreville	0	0	180
BuenosAires	Paramaribo	0	0	78
BuenosAires	Santarem	0	0	95
BuenosAires	Recife	0	0	110
BuenosAires	Jakarta	0	0	100
BuenosAires	PortMoresby	0	0	95
RiodeJaneiro	Saskatoon	0	0	126
RiodeJaneiro	StJohns	0	0	111
RiodeJaneiro	Yekaterinburg	0	0	81
RiodeJaneiro	Windhoek	0	0	113
Rosario	SaltLakeCity	0	0	87
Santiago	Saskatoon	0	0	96
Santiago	Seoul	0	0	62
Santiago	Windhoek	0	0	84
Lima	Saskatoon	0	0	72
Lima	Nuuk	0	0	91
Lima	Osaka	0	0	153
Lima	Salekhard	0	0	141
Lima	Windhoek	0	0	144
Lima	Recife	0	0	117
Lima	Tehran	0	0	97
Caracas	MexicoCity	0	0	85
Caracas	Yellowknife	0	0	106
Caracas	Chengdu	0	0	129
Caracas	Casablanca	0	0	121
Caracas	Gaborone	0	0	71
Caracas	Windhoek	0	0	182
Paramaribo	Saskatoon	0	0	55
Paramaribo	StJohns	0	0	81
Paramaribo	Seoul	0	0	155
Paramaribo	Tokyo	0	0	74
Paramaribo	Windhoek	0	0	82
Paramaribo	Tehran	0	0	110
Paramaribo	Singapore	0	0	74
Paramaribo	PortMoresby	0	0	114
PuntaArenas	Winnipeg	0	0	171
PuntaArenas	Tunis	0	0	114
PuntaArenas	Sanaa	0	0	114
PuertoMontt	SanFrancisco	0	0	138
PuertoMontt	Seattle	0	0	84
PuertoMontt	Winnipeg	0	0	87
PuertoMontt	StJohns	0	0	168
PuertoMontt	Tripoli	0	0	91
PuertoMontt	Riyadh	0	0	125
PeritoMoreno	Winnipeg	0	0	96
PeritoMoreno	Saskatoon	0	0	112
PeritoMoreno	SanDiego	0	0	114
PeritoMoreno	Sydney	0	0	108
PeritoMoreno	PortoVelho	0	0	86
Cuiaba	NewYork	0	0	118
Cuiaba	Minneapolis	0	0	83
Cuiaba	LabradorCity	0	0	81
Cuiaba	Paris	0	0	121
Cuiaba	Dublin	0	0	90
Cuiaba	Kathmandu	0	0	73
Cuiaba	Tokyo	0	0	84
Cuiaba	Perth	0	0	72
Cuiaba	Dakar	0	0	129
Cuiaba	NDjamena	0	0	78
Cuiaba	Libreville	0	0	73
Cuiaba	PeritoMoreno	0	0	105
Cuiaba	Makassar	0	0	110
PortoVelho	SanFrancisco	0	0	98
PortoVelho	SaltLakeCity	0	0	120
PortoVelho	Warsaw	0	0	127
PortoVelho	Yakutsk	0	0	143
PortoVelho	Salekhard	0	0	98
Santarem	Vancouver	0	0	127
Santarem	Yellowknife	0	0	103
Santarem	Sydney	0	0	144
SantaCruz	Tomsk	0	0	97
SantaCruz	Saskylakh	0	0	124
Manaus	Vancouver	0	0	83
Manaus	OklahomaCity	0	0	83
Manaus	SantoDomingo	0	0	99
Manaus	Mumbai	0	0	114
Manaus	Shanghai	0	0	123
Manaus	Ulaanbaatar	0	0	113
Manaus	Windhoek	0	0	134
Manaus	Sanaa	0	0	101
Manaus	Tehran	0	0	97
Bogota	Chicago	0	0	131
Bogota	Minneapolis	0	0	103
Bogota	Calgary	0	0	89
Bogota	Saskatoon	0	0	129
Bogota	Nuuk	0	0	105
Bogota	Yellowknife	0	0	99
Bogota	London	0	0	101
Bogota	Dublin	0	0	89
Bogota	Milan	0	0	81
Bogota	PortDouglas	0	0	110
Bogota	Salekhard	0	0	113
Bogota	Cairo	0	0	153
Bogota	Dakar	0	0	114
Bogota	Luanda	0	0	90
Recife	Winnipeg	0	0	79
Recife	Reykjavik	0	0	126
Recife	Riyadh	0	0	76
KingEdwardPoint	Winnipeg	0	0	143
KingEdwardPoint	SaltLakeCity	0	0	90
KingEdwardPoint	London	0	0	79
KingEdwardPoint	Kolkata	0	0	130
KingEdwardPoint	Tokyo	0	0	100
KingEdwardPoint	Melbourne	0	0	92
KingEdwardPoint	Moscow	0	0	75
KingEdwardPoint	Luanda	0	0	93
KingEdwardPoint	SantaCruz	0	0	77
Sanaa	Seattle	0	0	94
Sanaa	Shanghai	0	0	163
Sanaa	Sydney	0	0	91
Sanaa	Tbilisi	0	0	63
Muscat	Ottawa	0	0	99
Muscat	Yellowknife	0	0	118
Muscat	Salekhard	0	0	139
Muscat	Paramaribo	0	0	135
Muscat	PuntaArenas	0	0	97
Muscat	PeritoMoreno	0	0	88
Muscat	SantaCruz	0	0	84
AdDammam	SanFrancisco	0	0	112
AdDammam	Saskatoon	0	0	112
AdDammam	GuatemalaCity	0	0	96
AdDammam	Toronto	0	0	79
AdDammam	Warsaw	0	0	75
AdDammam	Dhaka	0	0	659
AdDammam	Osaka	0	0	116
AdDammam	Harbin	0	0	261
AdDammam	Sydney	0	0	112
AdDammam	PortDouglas	0	0	84
AdDammam	Moscow	0	0	77
AdDammam	Tripoli	0	0	80
AdDammam	CapeTown	0	0	159
AdDammam	Timbuktu	0	0	90
AdDammam	Bamako	0	0	84
AdDammam	AddisAbaba	0	0	89
AdDammam	Libreville	0	0	109
AdDammam	PeritoMoreno	0	0	145
KuwaitCity	Minneapolis	0	0	72
KuwaitCity	SaltLakeCity	0	0	137
KuwaitCity	Mumbai	0	0	125
KuwaitCity	Sydney	0	0	113
KuwaitCity	Melbourne	0	0	98
KuwaitCity	MountIsa	0	0	92
KuwaitCity	Moscow	0	0	70
KuwaitCity	Rosario	0	0	111
Ankara	Houston	0	0	149
Ankara	Guadalajara	0	0	128
Ankara	Milan	0	0	175
Ankara	NovyyUrengoy	0	0	96
Ankara	Casablanca	0	0	72
Ankara	Kampala	0	0	104
Ankara	Makassar	0	0	101
Tehran	Yakutsk	0	0	131
Baghdad	MexicoCity	0	0	86
Baghdad	Tokyo	0	0	110
Baghdad	Dudinka	0	0	84
Baghdad	Khartoum	0	0	130
Baghdad	Libreville	0	0	142
Baghdad	BuenosAires	0	0	80
Baghdad	Kabul	0	0	128
Baghdad	Jakarta	0	0	74
Damascus	Winnipeg	0	0	127
Damascus	Saskatoon	0	0	89
Damascus	SanDiego	0	0	124
Damascus	Havana	0	0	95
Damascus	Rome	0	0	130
Tbilisi	Yakutsk	0	0	83
Ashgabat	SanFrancisco	0	0	118
Ashgabat	Calgary	0	0	117
Ashgabat	Nuuk	0	0	141
Ashgabat	Ottawa	0	0	92
Ashgabat	SantoDomingo	0	0	105
Ashgabat	Bergamo	0	0	83
Ashgabat	Conakry	0	0	53
Ashgabat	Caracas	0	0	100
Ashgabat	Cuiaba	0	0	113
Kabul	StJohns	0	0	121
Kabul	Yellowknife	0	0	91
Kabul	Melbourne	0	0	102
Kabul	MountIsa	0	0	124
Kabul	Saskylakh	0	0	98
Kabul	Rosario	0	0	147
Kabul	PuertoMontt	0	0	100
Kabul	PeritoMoreno	0	0	94
Kabul	Sanaa	0	0	381
Kabul	Tbilisi	0	0	108
Kabul	Singapore	0	0	131
Singapore	StJohns	0	0	72
Singapore	Yekaterinburg	0	0	107
Singapore	Tripoli	0	0	124
Jakarta	MexicoCity	0	0	110
Jakarta	Saskatoon	0	0	38
Jakarta	KansasCity	0	0	98
Jakarta	SanDiego	0	0	121
Jakarta	London	0	0	111
Jakarta	Paris	0	0	145
Jakarta	Osaka	0	0	58
Jakarta	Melbourne	0	0	93
Jakarta	Mackay	0	0	108
Jakarta	Tunis	0	0	141
Jakarta	Timbuktu	0	0	103
Jakarta	Khartoum	0	0	103
Jakarta	Windhoek	0	0	104
Jakarta	Muscat	0	0	113
Makassar	Monterrey	0	0	110
Makassar	Miami	0	0	80
Makassar	Paris	0	0	104
Makassar	Oslo	0	0	126
Makassar	Shanghai	0	0	114
Makassar	Melbourne	0	0	157
Makassar	PortDouglas	0	0	106
PortMoresby	Shanghai	0	0	94
PortMoresby	Seoul	0	0	108
PortMoresby	Tokyo	0	0	109
PortMoresby	Ulaanbaatar	0	0	83
PortMoresby	Yaounde	0	0	133
PortMoresby	PuntaArenas	0	0	73
PortMoresby	Recife	0	0	79
Dublin	Stockholm	0	0	188
Helsinki	Madrid	0	0	162
Lisbon	Warsaw	0	0	169
Rome	Stockholm	0	0	252
Athens	Stockholm	0	0	239
Bergamo	Helsinki	0	0	185
NewYork	Yellowknife	0	0	442
Houston	Vancouver	0	0	446
Houston	Yellowknife	0	0	368
Denver	LabradorCity	0	0	551
Anchorage	GuatemalaCity	0	0	577
Fairbanks	LabradorCity	0	0	565
Fairbanks	SanDiego	0	0	870
Fairbanks	GuatemalaCity	0	0	372
Edmonton	Guadalajara	0	0	464
Calgary	MexicoCity	0	0	588
MexicoCity	Seattle	0	0	508
Montreal	Vancouver	0	0	447
Montreal	Yellowknife	0	0	391
LabradorCity	OklahomaCity	0	0	551
LabradorCity	Monterrey	0	0	556
PanamaCity	StJohns	0	0	472
KansasCity	StJohns	0	0	388
GuatemalaCity	Nuuk	0	0	499
Miami	SanFrancisco	0	0	525
SantoDomingo	Winnipeg	0	0	760
Atlanta	Seattle	0	0	360
Toronto	Vancouver	0	0	522
Caracas	Rosario	0	0	179
Caracas	Santiago	0	0	204
Caracas	PeritoMoreno	0	0	354
KingEdwardPoint	Lima	0	0	236
Adelaide	Singapore	0	0	350
Brisbane	Jakarta	0	0	205
Broome	Melbourne	0	0	187
Broome	Mackay	0	0	208
Darwin	Singapore	0	0	181
MountIsa	Singapore	0	0	231
MountIsa	PortMoresby	0	0	176
Makassar	Sydney	0	0	311
Makassar	MountIsa	0	0	318
Moscow	Saskylakh	0	0	412
Moscow	Sanaa	0	0	424
Kazan	Ulaanbaatar	0	0	246
Kazan	Muscat	0	0	346
Mirnyy	NovyyUrengoy	0	0	244
Mirnyy	NewDelhi	0	0	456
Mirnyy	Shanghai	0	0	424
Mirnyy	Osaka	0	0	333
Bratsk	Tbilisi	0	0	248
NovyyUrengoy	Riyadh	0	0	289
Ankara	Yakutsk	0	0	208
Ankara	Tomsk	0	0	328
Ankara	Ashgabat	0	0	247
Ankara	Dhaka	0	0	204
Ankara	Bangkok	0	0	274
Ankara	Shanghai	0	0	313
Baghdad	Shanghai	0	0	388
Damascus	Osaka	0	0	306
Damascus	Ulaanbaatar	0	0	198
Ashgabat	Yakutsk	0	0	232
Ashgabat	Tomsk	0	0	392
Ashgabat	Chengdu	0	0	288
Ashgabat	Ulaanbaatar	0	0	311
Kabul	Yakutsk	0	0	302
Kabul	Mirnyy	0	0	330
Mumbai	Saskylakh	0	0	223
Mumbai	Seoul	0	0	314
Mumbai	Osaka	0	0	358
Kolkata	Krasnoyarsk	0	0	263
Kolkata	Saskylakh	0	0	368
NewDelhi	Sanaa	0	0	417
Kathmandu	Tehran	0	0	305
Dhaka	Krasnoyarsk	0	0	187
Dhaka	Ulaanbaatar	0	0	318
Mandalay	Seoul	0	0	255
Mandalay	Tokyo	0	0	294
Bangkok	Shanghai	0	0	333
Bangkok	Seoul	0	0	288
Bangkok	Tokyo	0	0	423
Bangkok	Chifeng	0	0	265
Bangkok	Muscat	0	0	165
Chengdu	Mirnyy	0	0	222
Chengdu	Sanaa	0	0	329
Beijing	Salekhard	0	0	237
Beijing	Saskylakh	0	0	271
Beijing	Kabul	0	0	417
Beijing	Kathmandu	0	0	279
Beijing	Mandalay	0	0	374
Osaka	Tehran	0	0	247
Harbin	Krasnoyarsk	0	0	263
Harbin	Mandalay	0	0	270
Chifeng	NovyyUrengoy	0	0	309
Chifeng	Dhaka	0	0	153
Chifeng	Riyadh	0	0	357
Sanaa	Tomsk	0	0	255
Sanaa	Seoul	0	0	225
Riyadh	Tomsk	0	0	203
Riyadh	Ulaanbaatar	0	0	279
AdDammam	Irkutsk	0	0	246
AdDammam	NewDelhi	0	0	313
AdDammam	Shanghai	0	0	328
KuwaitCity	NovyyUrengoy	0	0	352
Conakry	Juba	0	0	150
Abuja	Juba	0	0	227
Abuja	Tunis	0	0	213
Khartoum	Luanda	0	0	176
AddisAbaba	CapeTown	0	0	141
AddisAbaba	Conakry	0	0	253
AddisAbaba	Libreville	0	0	191
AddisAbaba	Windhoek	0	0	97
Libreville	Tripoli	0	0	193
Harare	Yaounde	0	0	183
Harare	Libreville	0	0	142
Gaborone	Khartoum	0	0	239
Luanda	Timbuktu	0	0	244
Cairo	NDjamena	0	0	261
Cairo	Luanda	0	0	187
Cairo	Casablanca	0	0	132
Cairo	Tunis	0	0	214
Tunis	Windhoek	0	0	236
Moscow	UgolnyyeKopi	0	0	9620
Amsterdam	Chicago	0	0	7791
Amsterdam	Sydney	0	0	11389
Amsterdam	Mumbai	0	0	1104
Chicago	Mumbai	0	0	14566
Chicago	Sydney	0	0	9077
Mumbai	Sydney	0	0	4446
